time,latitude,longitude,depth,mag,magType,nst,gap,dmin,rms,net,id,updated,place,type,horizontalError,depthError,magError,magNst,status,locationSource,magSource
2004-09-28T17:15:24.250Z,35.8181667,-120.366,8.136,5.97,mw,61,26,0.01622,0.04,nc,nc30228270,2017-04-26T18:02:57.037Z,"18km N of Shandon, California",earthquake,0.14,0.25,,4,reviewed,nc,nc
1987-10-01T14:42:20.020Z,34.061,-118.079,8.881,5.9,mw,0,44.4,,0.178,ci,ci731691,2018-06-04T20:43:45.000Z,"2km SSW of Rosemead, CA",earthquake,,0.023,,0,reviewed,ci,ci
1994-01-17T12:31:58.120Z,34.275,-118.493,5.317,5.89,ml,0,142.2,0.2557,0.494,ci,ci3149646,2016-02-12T12:06:08.216Z,"1km ENE of Granada Hills, California",earthquake,,,,4,reviewed,ci,ci
1991-06-28T14:43:54.660Z,34.27,-117.993,8.049,5.8,mw,0,14.3,,0.264,ci,ci2021449,2017-12-01T14:59:23.337Z,"13km NNE of Sierra Madre, CA",earthquake,,0.304,,0,reviewed,ci,ci
1999-10-16T09:59:35.390Z,34.6781667,-116.2895,13.906,5.77,ml,60,76,,0.35,ci,ci3320848,2017-04-26T17:56:24.624Z,"13km WSW of Ludlow, CA",earthquake,0.56,1.72,,270,reviewed,ci,ci
1992-06-28T12:00:45.000Z,34.131,-116.408,-1.1,5.77,ml,0,158.7,,0.194,ci,ci3043549,2016-02-09T20:35:36.058Z,"3km NE of Yucca Valley, California",earthquake,,2.73,,11,reviewed,ci,ci
1995-09-20T23:27:36.270Z,35.761,-117.638,4.688,5.75,ml,0,88.2,,0.195,ci,ci3231786,2017-06-01T16:23:56.609Z,"16km NNE of Ridgecrest, California",earthquake,,0.469,,37,reviewed,ci,ci
1981-04-26T12:09:28.290Z,33.0955,-115.6245,18.904,5.75,ml,81,34,,0.34,ci,ci514869,2018-06-04T20:43:45.000Z,"6km N of Westmorland, CA",earthquake,0.56,0.67,0.161,6,reviewed,ci,ci
2010-06-15T04:26:58.240Z,32.705,-115.9113333,8.756,5.71,mw,45,71,0.05832,0.2,ci,ci14745580,2019-04-22T20:26:27.710Z,"8km ESE of Ocotillo, CA",earthquake,0.41,0.83,,6,reviewed,ci,ci
1992-06-28T12:01:16.190Z,34.12,-116.323,5.706,5.7,ml,0,251.6,,0.224,ci,ci3043630,2016-02-10T00:17:57.350Z,"2km SSW of Joshua Tree, California",earthquake,,,,9,reviewed,ci,ci
1986-03-31T11:55:39.810Z,37.4791667,-121.6866667,8.502,5.7,ml,87,65,0.02703,0.06,nc,nc68932,2018-06-04T20:43:45.000Z,Northern California,earthquake,0.13,0.41,,6,reviewed,nc,nc
1992-06-29T14:08:37.730Z,34.105,-116.403,9.649,5.69,ml,0,89.3,,0.272,ci,ci3031935,2018-02-15T18:24:07.376Z,"3km ESE of Yucca Valley, California",earthquake,,0.801,,12,reviewed,ci,ci
1992-07-11T18:14:16.160Z,35.21,-118.067,9.564,5.67,ml,0,28.2,,0.178,ci,ci3041390,2017-04-26T17:46:53.330Z,"12km NW of California City, California",earthquake,,0.578,,15,reviewed,ci,ci
1999-10-16T09:59:38.000Z,34.24,-117.04,6,5.6,mb,,,,,ci,ci10180015,2017-02-08T15:24:10.483Z,"7km ENE of Running Springs, CA",earthquake,,,,0,reviewed,ci,ci
1985-08-04T12:01:55.870Z,36.143,-120.1563333,15.89,5.6,ml,45,163,0.09009,0.08,nc,nc52348,2018-06-04T20:43:45.000Z,Central California,earthquake,0.27,0.55,,0,reviewed,nc,nc
1994-01-17T23:33:30.690Z,34.326,-118.698,9.083,5.58,ml,0,23.9,,0.317,ci,ci3141273,2017-05-10T20:34:13.501Z,"7km NNE of Simi Valley, California",earthquake,,0.84,,28,reviewed,ci,ci
1992-06-28T14:43:21.850Z,34.162,-116.852,9.615,5.53,ml,0,70.9,,0.146,ci,ci2057008,2017-04-13T22:04:39.556Z,"11km SSE of Big Bear Lake, California",earthquake,,2.031,,11,reviewed,ci,ci
1990-02-28T23:43:36.750Z,34.144,-117.697,3.292,5.51,ml,0,30.9,,0.27,ci,ci1053635,2017-05-10T19:15:42.595Z,"6km NNE of Claremont, CA",earthquake,,0.155,,14,reviewed,ci,ci
2019-07-06T03:47:53.420Z,35.9011667,-117.7495,5.04,5.5,mw,49,33,0.07334,0.16,ci,ci38457687,2019-11-15T18:04:47.354Z,"15km ESE of Little Lake, CA",earthquake,0.13,0.5,,4,reviewed,ci,ci
1986-01-26T19:20:50.950Z,36.8043333,-121.285,8.153,5.5,ml,91,27,0.05946,0.05,nc,nc64626,2018-06-04T20:43:45.000Z,Central California,earthquake,0.12,0.21,,8,reviewed,nc,nc
1983-05-02T23:46:06.000Z,36.23,-120.29,8,5.5,mb,,,,,us,usp0001uxb,2018-06-04T20:43:45.000Z,Central California,earthquake,,,,3,reviewed,brk,us
1992-06-28T12:36:40.770Z,34.115,-116.4263333,7.502,5.49,ml,30,176,,0.41,ci,ci2056979,2016-04-02T08:46:00.545Z,"0km E of Yucca Valley, CA",earthquake,1.46,1.85,,11,reviewed,ci,ci
1983-09-09T09:16:13.510Z,36.2198333,-120.2796667,6.887,5.47,md,53,125,0.05946,0.05,nc,nc1102223,2018-06-04T20:43:45.000Z,Central California,earthquake,0.17,0.27,0.35,21,reviewed,nc,nc
2007-10-31T03:04:54.810Z,37.4335,-121.7743333,9.741,5.45,mw,156,50,0.02703,0.11,nc,nc40204628,2017-09-18T22:24:00.790Z,"San Francisco Bay area, California",earthquake,0.11,0.28,,6,reviewed,nc,nc
1986-07-13T13:47:08.210Z,32.971,-117.874,5.828,5.45,ml,0,166.2,,0.431,ci,ci127298,2018-06-04T20:43:45.000Z,"47km ENE of San Clemente Is. (SE tip), CA",earthquake,,,,8,reviewed,ci,ci
1981-09-04T15:50:48.700Z,33.5575,-119.1195,5.549,5.45,ml,106,88,,0.35,ci,ci522177,2018-06-04T20:43:45.000Z,"11km NNW of Santa Barbara Is., CA",earthquake,0.9,31.61,0.171,10,reviewed,ci,ci
2019-07-06T04:18:55.790Z,35.9101667,-117.6848333,7.41,5.44,mw,66,37,0.07213,0.17,ci,ci38457847,2019-11-15T18:29:18.811Z,"20km E of Little Lake, CA",earthquake,0.12,0.36,,6,reviewed,ci,ci
2008-07-29T18:42:15.670Z,33.9485,-117.7663333,15.503,5.44,mw,136,17,0.08724,0.3,ci,ci14383980,2019-07-06T19:18:11.149Z,"5km S of Chino Hills, CA",earthquake,0.19,0.52,,6,reviewed,ci,ci
2010-07-07T23:53:33.480Z,33.4173333,-116.4746667,12.318,5.42,mw,112,19,0.09786,0.23,ci,ci10736069,2018-08-28T22:19:52.257Z,"20km NNW of Borrego Springs, CA",earthquake,0.16,0.35,,7,reviewed,ci,ci
1992-07-05T21:18:27.600Z,34.583,-116.322,4.922,5.42,ml,0,71.6,,0.296,ci,ci3035348,2016-02-10T14:41:36.156Z,"21km SW of Ludlow, California",earthquake,,,,21,reviewed,ci,ci
2012-08-26T20:57:58.220Z,33.0185,-115.5403333,8.283,5.41,mw,47,47,0.0329,0.16,ci,ci15200401,2017-10-13T19:17:32.136Z,"4km NNW of Brawley, CA",earthquake,0.3,0.66,,6,reviewed,ci,ci
1992-06-28T12:40:53.570Z,34.3411667,-116.5106667,4.388,5.41,ml,23,219,,0.44,ci,ci2056980,2016-04-02T05:35:46.705Z,"26km NNW of Yucca Valley, CA",earthquake,2.66,31.61,,6,reviewed,ci,ci
1990-04-18T13:53:51.300Z,36.9323333,-121.6568333,5.488,5.4,ml,100,36,0.004505,0.11,nc,nc20091154,2016-12-17T05:03:49.270Z,Northern California,earthquake,0.16,0.29,,0,reviewed,nc,nc
1989-08-08T08:13:27.390Z,37.1481667,-121.9268333,13.409,5.4,ml,92,51,0.02162,0.09,nc,nc10089897,2018-06-04T20:43:45.000Z,Northern California,earthquake,0.16,0.34,,6,reviewed,nc,nc
1982-10-25T22:26:03.600Z,36.3198333,-120.5061667,11.37,5.4,ml,68,88,0.1108,0.11,nc,nc1080773,2018-06-04T20:43:45.000Z,Central California,earthquake,0.27,0.46,,0,reviewed,nc,nc
1999-10-16T12:57:21.060Z,34.4415,-116.2525,0.838,5.37,mw,33,64,,0.13,ci,ci3320736,2017-04-26T17:56:25.200Z,"32km SSW of Ludlow, California",earthquake,0.36,0.96,,6,reviewed,ci,ci
1988-06-10T23:06:43.050Z,34.943,-118.743,5.898,5.37,ml,0,31,,0.175,ci,ci640798,2018-06-04T20:43:45.000Z,"16km NE of Lebec, CA",earthquake,,0.052,,11,reviewed,ci,ci
1983-07-22T02:39:53.960Z,36.2356667,-120.4138333,7.265,5.37,ma,50,47,0.05946,0.09,nc,nc1098982,2018-06-04T20:43:45.000Z,Central California,earthquake,0.14,0.33,0.23,4,reviewed,nc,nc
2019-07-05T11:07:53.040Z,35.7603333,-117.575,6.95,5.36,mw,79,43,0.05824,0.2,ci,ci38450263,2019-09-26T14:30:18.040Z,"16km W of Searles Valley, CA",earthquake,0.13,0.36,,6,reviewed,ci,ci
1995-08-17T22:39:58.100Z,35.776,-117.662,4.784,5.36,ml,0,66.5,,0.166,ci,ci3225143,2016-11-09T23:16:18.139Z,"17km N of Ridgecrest, California",earthquake,,1.116,,68,reviewed,ci,ci
1992-07-01T07:40:29.900Z,34.33,-116.464,5.091,5.34,ml,0,109.4,,0.22,ci,ci3032643,2016-02-10T11:08:59.779Z,"24km N of Yucca Valley, California",earthquake,,,,20,reviewed,ci,ci
2012-08-26T19:31:23.040Z,33.0171667,-115.5536667,8.323,5.32,mw,56,73,0.03163,0.21,ci,ci15199681,2017-10-13T19:26:39.411Z,"5km NNW of Brawley, CA",earthquake,0.32,0.72,,6,reviewed,ci,ci
1996-11-27T20:17:24.110Z,36.075,-117.65,-0.02,5.3,mw,0,167.7,,0.198,ci,ci7050470,2016-11-10T00:04:31.311Z,"27km E of Coso Junction, California",earthquake,,0.272,,0,reviewed,ci,ci
1988-06-27T18:43:22.330Z,37.1283333,-121.895,12.634,5.3,ml,91,45,0.04775,0.09,nc,nc10139668,2018-06-04T20:43:45.000Z,Northern California,earthquake,0.16,0.36,,4,reviewed,nc,nc
1988-06-13T01:45:36.530Z,37.3926667,-121.7415,9.087,5.3,ml,98,29,0.03604,0.06,nc,nc10087352,2018-06-04T20:43:45.000Z,"San Francisco Bay area, California",earthquake,0.11,0.37,,5,reviewed,nc,nc
1987-02-14T07:26:50.290Z,36.1723333,-120.3405,15.271,5.3,ml,52,51,0.07658,0.1,nc,nc10089611,2018-06-04T20:43:45.000Z,Central California,earthquake,0.22,0.55,,1,reviewed,nc,nc
2018-04-05T19:29:16.500Z,33.8375,-119.7258333,9.87,5.29,mw,90,129,0.1747,0.31,ci,ci37908735,2019-07-06T21:43:41.972Z,"29km SW of Santa Cruz Is. (E end), CA",earthquake,0.28,31.61,,6,reviewed,ci,ci
2012-10-21T06:55:09.510Z,36.3096667,-120.856,8.619,5.29,mw,100,68,0.06126,0.13,nc,nc71863625,2019-05-07T21:38:43.890Z,Central California,earthquake,0.17,0.42,,5,reviewed,nc,nc
1992-11-27T16:00:57.490Z,34.34,-116.9,-0.402,5.29,ml,0,28.1,,0.211,ci,ci3079915,2017-04-26T17:47:19.571Z,"10km NNW of Big Bear City, California",earthquake,,0.257,,22,reviewed,ci,ci
1997-03-18T15:24:47.720Z,34.971,-116.819,0.621,5.26,ml,0,37.9,,0.268,ci,ci7062511,2016-02-12T06:30:18.018Z,"20km ENE of Barstow, California",earthquake,,0.725,,80,reviewed,ci,ci
1992-12-04T02:08:57.500Z,34.369,-116.898,1.325,5.26,ml,0,31.8,,0.222,ci,ci3081404,2016-11-10T00:07:24.741Z,"10km SE of Lucerne Valley, California",earthquake,,0.182,,35,reviewed,ci,ci
1992-09-15T08:47:11.300Z,34.064,-116.361,7.177,5.26,ml,0,38.4,,0.229,ci,ci3062563,2016-11-09T23:29:42.998Z,"9km SE of Yucca Valley, California",earthquake,,0.619,,25,reviewed,ci,ci
1992-06-28T17:05:57.560Z,34.255,-116.912,6.553,5.26,ml,0,36.7,,0.222,ci,ci3031157,2016-02-10T07:27:06.031Z,"1km N of Big Bear Lake, California",earthquake,,1.118,,11,reviewed,ci,ci
1987-10-04T10:59:38.190Z,34.074,-118.098,7.719,5.25,ml,0,31.1,,0.175,ci,ci732031,2018-06-04T20:43:45.000Z,"2km WSW of Rosemead, CA",earthquake,,0.017,,7,reviewed,ci,ci
1994-03-20T21:20:12.260Z,34.231,-118.475,12.442,5.24,ml,0,27,,0.332,ci,ci3159411,2016-11-09T22:07:22.255Z,"3km WNW of Panorama City, California",earthquake,,0.134,,40,reviewed,ci,ci
1994-01-18T00:43:08.890Z,34.377,-118.698,10.709,5.24,ml,0,45.5,,0.311,ci,ci3141286,2017-04-26T17:48:35.096Z,"10km ESE of Piru, California",earthquake,,0.534,,8,reviewed,ci,ci
1998-03-06T05:47:40.340Z,36.067,-117.638,0.334,5.23,ml,0,87,,0.176,ci,ci9044494,2016-11-09T22:01:33.992Z,"28km E of Coso Junction, California",earthquake,,0.219,,100,reviewed,ci,ci
1992-08-17T20:41:52.120Z,34.195,-116.863,9.44,5.23,ml,0,25,,0.176,ci,ci3055028,2016-02-10T18:58:34.748Z,"7km SE of Big Bear Lake, California",earthquake,,0.259,,23,reviewed,ci,ci
2005-06-12T15:41:46.520Z,33.5325,-116.5666667,13.051,5.2,mw,96,19,0.04319,0.21,ci,ci14151344,2017-02-07T21:24:13.273Z,"10km ESE of Anza, CA",earthquake,0.17,0.26,,0,reviewed,ci,ci
1994-01-17T12:40:36.120Z,34.34,-118.614,5.395,5.2,ml,0,179.8,0.2682,0.373,ci,ci3144694,2016-02-11T18:26:34.251Z,"9km N of Chatsworth, California",earthquake,,,,21,reviewed,ci,ci
1991-09-17T21:10:29.020Z,35.8103333,-121.3348333,9.184,5.2,ml,61,167,0.04054,0.09,nc,nc231726,2016-12-18T17:05:37.390Z,Central California,earthquake,0.22,0.4,,0,reviewed,nc,nc
1983-08-29T10:10:30.830Z,35.83,-121.3555,9.638,5.2,ml,105,180,0.06667,0.19,nc,nc1101424,2018-06-04T20:43:45.000Z,Central California,earthquake,0.37,0.3,,0,reviewed,nc,nc
1983-05-09T02:49:11.540Z,36.2463333,-120.3008333,12.916,5.2,ml,66,32,0.03063,0.09,nc,nc1093715,2018-06-04T20:43:45.000Z,Central California,earthquake,0.13,0.15,,0,reviewed,nc,nc
2016-06-10T08:04:38.700Z,33.4315,-116.4426667,12.31,5.19,mw,143,18,0.09275,0.23,ci,ci37374687,2019-03-26T17:43:27.603Z,"20km NNW of Borrego Springs, CA",earthquake,0.13,0.34,,6,reviewed,ci,ci
1993-05-28T04:47:40.600Z,35.149,-119.104,20.612,5.19,ml,0,36.9,,0.288,ci,ci3107503,2016-02-10T20:19:33.759Z,"21km SW of Lamont, California",earthquake,,0.34,,51,reviewed,ci,ci
2001-07-17T12:07:26.100Z,36.0163333,-117.8743333,1.864,5.17,mw,39,37,,0.18,ci,ci9674049,2017-02-09T03:48:32.197Z,"7km ESE of Coso Junction, CA",earthquake,0.35,0.48,,6,reviewed,ci,ci
1996-01-07T14:32:53.020Z,35.761,-117.646,3.236,5.17,ml,0,87.9,,0.184,ci,ci3248846,2016-02-12T18:42:25.298Z,"16km N of Ridgecrest, California",earthquake,,0.132,,78,reviewed,ci,ci
1982-10-01T14:29:01.700Z,35.743,-117.756,2.995,5.12,mc,0,45.8,,0.173,ci,ci508442,2018-06-04T20:43:45.000Z,"12km NNE of Inyokern, CA",earthquake,,0.705,,43,reviewed,ci,ci
2014-03-29T04:09:42.170Z,33.9325,-117.9158333,5.09,5.1,mw,321,9,0.01443,0.24,ci,ci15481673,2017-10-22T21:11:34.135Z,"2km NW of Brea, CA",earthquake,0.1,0.21,,6,reviewed,ci,ci
1998-08-12T14:10:25.140Z,36.7545,-121.4615,8.822,5.1,mw,83,35,0.03784,0.19,nc,nc30190473,2017-04-26T17:54:55.602Z,Central California,earthquake,0.24,0.54,,5,reviewed,nc,nc
1990-04-18T15:46:03.450Z,36.9588333,-121.6845,6.641,5.1,ml,87,28,0.00991,0.09,nc,nc20091155,2016-12-17T05:06:53.470Z,Northern California,earthquake,0.14,0.28,,0,reviewed,nc,nc
1989-10-18T00:41:23.770Z,37.1901667,-122.052,15.306,5.1,ml,50,57,0.03063,0.09,nc,nc10090725,2018-06-04T20:43:45.000Z,Northern California,earthquake,0.16,0.53,,4,reviewed,nc,nc
1988-02-20T08:39:57.260Z,36.7958333,-121.3111667,9.181,5.1,ml,88,26,0.02342,0.07,nc,nc10086194,2018-06-04T20:43:45.000Z,Central California,earthquake,0.14,0.19,,8,reviewed,nc,nc
1984-01-23T05:40:19.610Z,36.3766667,-121.8956667,6.634,5.1,ml,150,192,0.1775,0.21,nc,nc1110293,2018-06-04T20:43:45.000Z,Central California,earthquake,0.43,0.62,,0,reviewed,nc,nc
2005-09-02T01:27:19.590Z,33.1533333,-115.6463333,1.207,5.08,mw,39,52,0.03525,0.33,ci,ci14179736,2017-09-15T17:42:45.912Z,"13km WNW of Calipatria, CA",earthquake,0.33,0.86,,6,reviewed,ci,ci
1992-06-29T14:13:38.770Z,34.1045,-116.39,11.191,5.08,mc,99,71,,0.45,ci,ci3031615,2016-11-09T22:52:24.389Z,"4km ESE of Yucca Valley, CA",earthquake,0.76,0.95,,94,reviewed,ci,ci
1997-04-26T10:37:30.670Z,34.369,-118.67,15.892,5.07,ml,0,19.1,,0.269,ci,ci9008753,2016-02-12T19:17:44.098Z,"12km ESE of Piru, California",earthquake,,0.147,,100,reviewed,ci,ci
1994-01-19T21:11:44.900Z,34.378,-118.619,10.83,5.07,ml,0,43.5,,0.352,ci,ci3142597,2016-02-12T12:08:07.288Z,"10km SSW of Valencia, California",earthquake,,0.524,,18,reviewed,ci,ci
2008-12-06T04:18:42.850Z,34.8133333,-116.4188333,6.37,5.06,mw,48,65,0.07081,0.19,ci,ci14408052,2017-02-07T23:54:57.889Z,"26km WNW of Ludlow, CA",earthquake,0.21,0.78,,6,reviewed,ci,ci
1994-01-29T11:20:35.970Z,34.306,-118.579,0.607,5.06,ml,0,22.4,,0.339,ci,ci3147406,2016-02-12T14:53:30.392Z,"6km NNE of Chatsworth, California",earthquake,,0.149,,20,reviewed,ci,ci
1994-01-19T21:09:28.610Z,34.379,-118.712,13.797,5.06,ml,0,41.5,,0.539,ci,ci3142595,2016-02-13T08:36:11.800Z,"8km ESE of Piru, California",earthquake,,0.188,,51,reviewed,ci,ci
1998-03-07T00:36:46.840Z,36.076,-117.618,0.234,5.04,ml,0,83.8,,0.193,ci,ci9045109,2016-02-12T06:51:35.717Z,"30km E of Coso Junction, California",earthquake,,0.222,,100,reviewed,ci,ci
1983-07-25T22:31:39.480Z,36.2245,-120.4023333,8.215,5.04,md,48,41,0.05405,0.08,nc,nc1099288,2018-06-04T20:43:45.000Z,Central California,earthquake,0.14,0.3,0.18,8,reviewed,nc,nc
2004-09-29T22:54:54.240Z,35.3898333,-118.6235,2.788,5.03,mw,71,18,,0.25,ci,ci14095628,2017-02-07T21:12:03.684Z,"25km SSW of Bodfish, California",earthquake,0.27,0.72,,6,reviewed,ci,ci
1988-12-16T05:53:04.100Z,33.979,-116.681,6.894,5.03,ml,0,24.5,,0.109,ci,ci651401,2018-06-04T20:43:45.000Z,"12km SW of Morongo Valley, CA",earthquake,,0.02,,13,reviewed,ci,ci
2001-10-31T07:56:16.630Z,33.5083333,-116.5143333,13.678,5.02,mw,78,18.2,0.07467,0.26,ci,ci9718013,2017-02-09T04:14:13.567Z,"16km ESE of Anza, CA",earthquake,0.26,0.34,,6,reviewed,ci,ci
1995-06-26T08:40:28.940Z,34.394,-118.669,12.76,5.02,ml,0,17.7,,0.285,ci,ci3217586,2016-02-13T04:24:33.495Z,"11km SW of Valencia, California",earthquake,,0.107,,59,reviewed,ci,ci
1988-12-03T11:38:26.450Z,34.151,-118.13,13.719,5.02,ml,0,21.2,,0.318,ci,ci650799,2018-06-04T20:43:45.000Z,"1km SSE of Pasadena, CA",earthquake,,0.091,,11,reviewed,ci,ci
2019-08-22T20:49:50.060Z,35.9073333,-117.709,2.4,5.01,mw,72,20,0.06247,0.21,ci,ci38996632,2019-11-08T22:13:40.040Z,"18km E of Little Lake, CA",earthquake,0.12,0.28,,6,reviewed,ci,ci
2004-09-29T17:10:04.030Z,35.9536667,-120.5021667,10.772,5,mw,66,33,0.003604,0.07,nc,nc21401069,2018-06-01T14:45:55.228Z,Central California,earthquake,0.15,0.21,,6,reviewed,nc,nc
1993-08-21T01:46:38.400Z,34.029,-116.321,8.245,5,ml,0,43.1,,0.23,ci,ci3118441,2016-02-10T02:50:36.885Z,"12km S of Joshua Tree, California",earthquake,,0.49,,52,reviewed,ci,ci
1992-06-28T12:02:31.080Z,34.1031667,-116.4246667,5.586,5,mh,3,285,0.1692,0.4,ci,ci12178455,2016-02-10T18:01:58.992Z,"1km SSE of Yucca Valley, California",earthquake,5.95,31.61,,0,reviewed,ci,ci
1992-06-28T12:02:16.960Z,34.0605,-116.4726667,5.378,5,mh,3,279,0.1441,0.14,ci,ci12178451,2016-02-10T03:55:02.486Z,"7km SSW of Yucca Valley, California",earthquake,2.4,31.61,,0,reviewed,ci,ci